{   
    "name": "token-drag-visibility",   
    "title": "GM Token-Drag Visibility",   
    "description": "Disables the vision limitation when dragging a token as a GM. Useful for moving players between floors on the same map.",   
    "author": "Steffan Poulsen",
    "version": "1.0.1",
    "minimumCoreVersion": "0.5.0",
    "compatibleCoreVersion": "0.6.0",
    "scripts": ["./tokendragvisibility.js"],
    "url": "https://github.com/SteffanPoulsen/token-drag-visibility",
    "manifest": "https://github.com/SteffanPoulsen/token-drag-visibility/raw/master/src/module.json",
    "download": "https://github.com/SteffanPoulsen/token-drag-visibility/raw/master/dist/token-drag-visibility.zip"
}